﻿Designator,Quantity,Value,Footprint,Package,MPN,DNP,Mount_Type,Description,Height,Mouser Part Number,Mouser Price/Stock,Manufacturer_Name,MF,Description_1,Price,SnapEDA_Link,MP,Availability,Check_prices,Purchase-URL
ANT1,1,GGBTP.35.3.A.40,GGBTP353A40,,GGBTP.35.3.A.40,,tht,Antennas Terrablast GGBTP.35.3.A.40 GPS L1 35*35*3.72mm Patch Antenna,4.4,960-GGBTP.35.3.A.40,https://www.mouser.co.uk/ProductDetail/Taoglas/GGBTP.35.3.A.40?qs=MLItCLRbWswEpX7QWSIGAQ%3D%3D,Taoglas,,,,,,,,
C1,1,470pF,C_0402_1005Metric_Pad0.74x0.62mm_HandSolder,,,,smt,Unpolarized capacitor,,,,,,,,,,,,
C2,1,100 pF,C_0402_1005Metric_Pad0.74x0.62mm_HandSolder,,,,smt,Unpolarized capacitor,,,,,,,,,,,,
C3,1,10 uF,C_0402_1005Metric_Pad0.74x0.62mm_HandSolder,,,,smt,Unpolarized capacitor,,,,,,,,,,,,
C4,1,470 pF,C_0402_1005Metric_Pad0.74x0.62mm_HandSolder,,,,smt,Unpolarized capacitor,,,,,,,,,,,,
C5,1,2.2 uF,C_0402_1005Metric_Pad0.74x0.62mm_HandSolder,,,,smt,Unpolarized capacitor,,,,,,,,,,,,
C6,1,33 pF,C_0402_1005Metric_Pad0.74x0.62mm_HandSolder,,,,smt,Unpolarized capacitor,,,,,,,,,,,,
"H1, H2, H3, H4",4,MountingHole_Pad,MountingHole_3.2mm_M3_DIN965_Pad,,,,tht,Mounting Hole with connection,,,,,,,,,,,,
H5,1,WE-SHC_ONE-PIECE,Wuerth_36103205_20x20mm,None,,,smt,,,,,,Würth Elektronik,RF Shield Cover 0.787 (20.00mm) X 0.787 (20.00mm) Non-Vented Snap Fit,None,https://www.snapeda.com/parts/36903205S/W%25C3%25BCrth+Elektronik+Midcom/view-part/?ref=snap,36903205S,In Stock,https://www.snapeda.com/parts/36903205S/W%25C3%25BCrth+Elektronik+Midcom/view-part/?ref=eda,
J1,1,CONMCX002-SMD,LINX_CONMCX002-SMD,None,,,smt,,,,,,TE Connectivity,MCX Jack 50 Ohm PCB Surface Mount,None,https://www.snapeda.com/parts/CONMCX002-SMD/TE+Connectivity/view-part/?ref=snap,CONMCX002-SMD,In Stock,https://www.snapeda.com/parts/CONMCX002-SMD/TE+Connectivity/view-part/?ref=eda,https://www.snapeda.com/api/url_track_click_mouser/?unipart_id=1707542&manufacturer=Linx Technologies&part_name=CONMCX002-SMD&search_term=None
L1,1,6.8 nH,C_0402_1005Metric_Pad0.74x0.62mm_HandSolder,,,,smt,Inductor,,,,,,,,,,,,
L2,1,82nH,C_0402_1005Metric_Pad0.74x0.62mm_HandSolder,,,,smt,Inductor,,,,,,,,,,,,
U1,1,MAX2659ELT+T,21-0147-L611,,,,smt,,,,,,,,,,,,,
U2,1,MIC5205-2.5YM5,SOT-23-5,,,,smt,"150mA low dropout linear regulator, fixed 2.5V output, SOT-23-5",,,,,,,,,,,,
